league,id,name_ko,tier,score,note_ko
great,tinkaton,두드리짱,S,93,"강철/페어리 로 같은 강철도 쉽게이기고, 드래곤도 잡으며 레거시기술 거대해머의 사기적인 데미지로 반감있는 녀석조차 실드 쓰지않으면 매우 아프게 때릴수있어서, 선봉에 주로사용되고 후봉에도 가끔등장하며 땅,불 약점만 잘피하면 아주좋은포켓몬"
great,altaria,파비코리,S,92,"드래곤/비행 타입으로 튼튼한체력 빠른공격, 얼음 2중약점이지만 슈퍼리그엔 얼음이별로없고 전기에도 중립이라 선봉으로 페어리만 피하면 대부분 상대가 가능한 포켓몬"
great,empoleon,엠페르트,S,92,"물/강철 타입으로 격투,땅,전기에 약점이나 빠른 특수기 하이드로캐논과, 비행공격으로 풀/격투도 견재 가능해서 선두로 많이쓰이는 포켓몬"
great,mimikyu,따라큐,S,92,"고스트/페어리 타입 이라 약점인 고스트와,강철이지만 따라큐탈이라는 셀프1실드가 있어서, 특수기 방어도 버틸수있고, 노멀타입빼고 대부분 상대가 가능하며 드래곤 악에게 쉽게 이길수있는 포켓몬"
great,altaria_shadow,그림자 파비코리,S,92,
great,empoleon_shadow,그림자 엠페르트,S,92,
great,quagsire_shadow,그림자 누오,S,92,
great,quagsire,누오,S,92,"풀 이중약점을 제외하곤 약점이 없고, 차징이 빨리차는 머드샷을 장착해서, 아쿠아테일, 스톤엣지, 어느기술을 쓸지 잘모르기 때문에 상대하는 측에서 아주 까다로운 포켓몬"
great,jellicent,탱탱겔,S,92,"고스트/물 타입으로 튼튼한 체력으로 고스트 약점이면서도 고스트스킬 맞아도 버틸수있고, 불과 격투타입에 아주 강한 포켓몬"
great,forretress,쏘콘,S,92,"불꽃 이중약점만 안만나게되면 어떤타입과도 잘싸우고, 암석봉인으로 상대 공격력약화, 모래지옥으로 상대방어감소까지 할수있어 체력도 튼튼하며 선봉으로 아주 좋은포켓몬"
great,ninetales,나인테일,S,92,"불꽃타입 나인테일은 불꽃세례를 받으면서 아주 빠른 차징기를 익혀지고  웨더볼, 에너지볼을 사용하면서 빠른불꽃기술과 풀타입기술까지 사용하면서 빠르고 강한공격이 장점인 포켓몬"
great,ninetales_shadow,그림자 나인테일,A,91,
great,feraligatr,장크로다일,A,91,"물타입으로 풀과 전기에 약점이지만, 빠른 차징인 섀도클로를 익혀서, 빠르고 강한 하이드로캐논을 주로사용하며 비행과/드래곤을 상대하기위해 냉동빔을 쓸수도있고, 고스트를 잡기위해 깨물어부수기도 익힐수있으며, 공격방어 둘다 훌륭하다."
great,forretress_shadow,그림자 쏘콘,A,91,
great,corsola_galarian,가라르 코산호,A,91,"고스트타입으로 악/고스트 약점이지만 강한평타기술 놀래키기로 같은고스트에게 아주 강하며, 파워젬으로 공중몬도 이길수가있다, 노멀타입에겐 불리한 포켓몬"
great,jumpluff,솜솜코,A,91,"풀/비행 타입이면서 기본기는 요정의바람을 사용해서 격투/악/드래곤에게 잘 싸우며, 아주 강한 비행기술 애크러뱃을 익힐수있어서, 아주 강한 공격을 할수있다. 얼음에 2중약점이라 얼음타입은 피해야한다"
great,clodsire,토오,A,91,"독/땅 타입으로 땅,물,얼음,에스퍼에 약점이지반 튼튼한 체력을 바탕으로 싸우며, 빠르게 차징에너지를채워주는 독침으로, 지진을 주로 사용하고, 스톤에지나 오물폭탄중 유저들의 취향에따라 사용된다."
great,corviknight,아머까오,A,91,"강철/비행의 아머까오는 튼튼한 체력을 바탕으로 모래뿌리기 땅공격을 기본으로 하며, 악타입 보복과, 공격을 올려주는 에어커터를 주로 사용한다, 페어리를 잡기위해 아이언헤드를 사용하기도한다"
great,fearow,깨비드릴조,A,91,"노멀/비행으로 고스트와 땅타입에 강하며, 차징이 빠르면서 데미지도좋은 쪼기를 기본기로 사용하며, 드릴라이너,회전부리를 주로 사용한다. 체력은 약하지만 공격력이 좋아, 공격적인 스타일에 많이사용된다."
great,azumarill,마릴리,A,91,"튼튼한 체력을 바탕으로 아주 오랫동안 인기를 받는 페어리/물타입의 마릴리, 물공격 거품을 기본기로하며, 냉동빔과 치근거리기를 주로사용하나, 하이드로펌프를 익혀서 쓰는 유저도 있다."
great,feraligatr_shadow,그림자 장크로다일,A,91,
great,kingdra,킹드라,A,91,"물/드래곤타입으로 용의숨결을 사용하며, 스피드스타와 파도타기를 주로 사용한다. 빠른 물공격과 노멀공격으로 인기있는 포켓몬"
great,guzzlord,악식킹,A,90,악/드래곤타입으로 
great,lapras,라프라스,A,90,
great,corviknight_shadow,그림자 아머까오,A,90,
great,furret,다꼬리,A,90,
great,kingdra_shadow,그림자 킹드라,A,90,
great,dragonair_shadow,그림자 신뇽,A,90,
great,medicham,요가램,A,90,
great,sableye_shadow,그림자 깜까미,A,90,
great,seismitoad,두빅굴,A,90,
great,umbreon,블래키,A,90,
great,talonflame,파이어로,A,90,
great,dragonair,신뇽,A,90,
great,thievul,폭슬라이,A,90,
great,diggersby,파르토,A,90,
great,dusclops,미라몽,A,90,
great,grumpig,피그킹,A,90,
great,florges,플라제스,A,90,
great,lapras_shadow,그림자 라프라스,A,90,
great,sableye,깜까미,A,90,
great,wigglytuff,푸크린,A,90,
great,cradily,릴리요,A,89,
great,dusclops_shadow,그림자 미라몽,A,89,
great,mantine,만타인,A,89,
great,moltres_galarian,가라르 파이어,A,89,
great,blastoise,거북왕,A,89,
great,clefable,픽시,A,89,
great,talonflame_shadow,그림자 파이어로,A,89,
great,mandibuzz,버랜지나,A,89,
great,dewgong,쥬레곤,A,89,
great,malamar,칼라마네로,A,89,
great,steelix_shadow,그림자 강철톤,A,89,
great,charjabug,전지충이,A,89,
great,drapion_shadow,그림자 드래피온,A,89,
great,ninetales_alolan,알로라 나인테일,A,89,
great,ninetales_alolan_shadow,그림자 알로라 나인테일,A,89,
great,swampert,대짱이,A,89,
great,aegislash_shield,킬가르도,A,89,
great,bastiodon,바리톱스,A,89,
great,marowak_shadow,그림자 텅구리,A,89,
great,swampert_shadow,그림자 대짱이,A,89,
great,registeel,레지스틸,A,88,
great,hydreigon_shadow,그림자 삼삼드래,A,88,
great,malamar_shadow,그림자 칼라마네로,A,88,
great,melmetal,멜메탈,A,88,
great,turtonator,폭거북스,A,88,
great,dondozo,어써러셔,A,88,
great,oranguru,하랑우탄,A,88,
great,gourgeist_large,펌킨인,A,88,
great,gourgeist_super,펌킨인,A,88,
great,hydreigon,삼삼드래,A,88,
great,gourgeist_average,펌킨인,A,88,
great,samurott,대검귀,B,88,
great,doublade,쌍검킬,B,88,
great,gourgeist_small,펌킨인,B,87,
great,carbink,멜리시,B,87,
great,walrein,씨카이저,B,86,
great,hippowdon,하마돈,B,86,
great,araquanid,깨비물거미,B,86,
great,steelix,강철톤,B,86,
great,zweilous,디헤드,B,86,
great,spiritomb,화강돌,B,86,
great,araquanid_shadow,그림자 깨비물거미,B,86,
great,annihilape,저승갓숭,B,86,
great,marowak,텅구리,B,86,
great,walrein_shadow,그림자 씨카이저,B,86,
great,zweilous_shadow,그림자 디헤드,B,86,
great,metang_shadow,그림자 메탕구,B,85,
great,annihilape_shadow,그림자 저승갓숭,B,85,
great,hippowdon_shadow,그림자 하마돈,B,85,
great,metang,메탕구,B,85,
great,electrode_hisuian,히스이 붐볼,B,84,
ultra,mimikyu,따라큐,S,96,
ultra,corviknight,아머까오,S,93,
ultra,corviknight_shadow,그림자 아머까오,A,93,
ultra,florges,플라제스,A,93,
ultra,empoleon_shadow,그림자 엠페르트,A,93,
ultra,virizion,비리디온,A,93,
ultra,empoleon,엠페르트,A,92,
ultra,moltres_galarian,가라르 파이어,A,92,
ultra,jellicent,탱탱겔,A,92,
ultra,forretress,쏘콘,A,92,
ultra,feraligatr_shadow,그림자 장크로다일,A,91,
ultra,forretress_shadow,그림자 쏘콘,A,91,
ultra,ninetales_alolan,알로라 나인테일,A,91,
ultra,registeel,레지스틸,A,91,
ultra,dusknoir,야느와르몽,A,91,
ultra,lapras,라프라스,A,91,
ultra,ninetales_alolan_shadow,그림자 알로라 나인테일,A,91,
ultra,dusknoir_shadow,그림자 야느와르몽,A,91,
ultra,lapras_shadow,그림자 라프라스,A,90,
ultra,talonflame,파이어로,A,90,
ultra,walrein_shadow,그림자 씨카이저,A,90,
ultra,dondozo,어써러셔,A,90,
ultra,regidrago,레지드래고,A,90,
ultra,walrein,씨카이저,A,90,
ultra,giratina_altered,기라티나,A,90,
ultra,bellibolt,찌리배리,A,90,
ultra,talonflame_shadow,그림자 파이어로,A,90,
ultra,cresselia,크레세리아,B,90,
ultra,giratina_altered_shadow,그림자 기라티나,B,90,
ultra,steelix,강철톤,B,90,
ultra,feraligatr,장크로다일,B,90,
ultra,runerigus,데스판,B,90,
ultra,steelix_shadow,그림자 강철톤,B,89,
ultra,cradily_shadow,그림자 릴리요,B,89,
ultra,cresselia_shadow,그림자 크레세리아,B,89,
ultra,ampharos_shadow,그림자 전룡,B,89,
ultra,ampharos,전룡,B,89,
ultra,guzzlord,악식킹,B,88,
ultra,skeledirge,라우드본,B,88,
ultra,grumpig,피그킹,B,87,
ultra,grumpig_shadow,그림자 피그킹,B,86,
ultra,doublade,쌍검킬,B,86,
master,zacian_crowned_sword,자시안 (검왕),S,99,
master,palkia_origin,펄기아 (오리진),S,99,
master,metagross,메타그로스,S,98,
master,kyurem_white,화이트 큐레무,A,95,
master,lunala,루나아라,A,95,
master,xerneas,제르네아스,A,95,
master,dialga_origin,디아루가 (오리진),A,94,
master,reshiram,레시라무,A,94,
master,zamazenta_crowned_shield,자마젠타 (방패왕),A,94,
master,kyurem_black,블랙 큐레무,A,93,
master,kyogre,가이오가,A,93,
master,zekrom,제크로무,B,93,
master,marshadow,마샤도,B,93,
master,reshiram_shadow,그림자 레시라무,B,92,
master,eternatus,무한다이노,B,91,
master,palkia_shadow,그림자 펄기아,B,91,
master,lugia,루기아,B,91,
master,metagross_shadow,그림자 메타그로스,B,90,
master,lugia_shadow,그림자 루기아,B,90,
master,garchomp_shadow,그림자 한카리아스,B,90,
master,necrozma_dawn_wings,네크로즈마 (새벽의 날개),B,90,
master,garchomp,한카리아스,C,89,
master,ho_oh,칠색조,C,89,
master,zygarde_complete,지가르데,C,89,
master,necrozma_dusk_mane,네크로즈마 (황혼의 갈기),C,88,
master,groudon,그란돈,C,87,
master,solgaleo,솔가레오,C,87,
master,melmetal,멜메탈,C,87,
master,keldeo_resolute,케르디오,C,86,
master,primarina,누리레느,C,85,
master,ursaluna_shadow,그림자 다투곰,D,73,
master,ursaluna,다투곰,D,73,
great,lickilicky,내룸벨트,S,94,
